City_ID,City,Country,Lat,Lng,Max Temp,Humidity,Cloudiness,Wind Speed,Current Description,Date
0,Vaini,TO,-21.2,-175.2,82.56,69,20,10.36,few clouds,2022-03-26 01:56:21
1,Lapao,BR,-11.3833,-41.8319,69.44,66,6,8.95,clear sky,2022-03-26 02:03:19
2,Atuona,PF,-9.8,-139.0333,79.03,82,67,20.09,light rain,2022-03-26 01:56:29
3,Onalaska,US,43.8844,-91.2351,37.27,61,100,23.02,overcast clouds,2022-03-26 02:03:19
4,Skibbereen,IE,51.55,-9.2667,50.11,80,35,10.11,scattered clouds,2022-03-26 01:59:34
5,Husavik,IS,66.0449,-17.3389,38.59,86,100,12.95,overcast clouds,2022-03-26 01:57:28
6,Bowen,AU,-20.0167,148.2333,82.71,57,100,13.27,overcast clouds,2022-03-26 02:03:20
7,Ayan,RU,56.45,138.1667,28.35,74,39,2.73,scattered clouds,2022-03-26 02:03:20
8,Saint-Philippe,RE,-21.3585,55.7679,74.21,85,24,7.49,few clouds,2022-03-26 01:56:37
9,Busselton,AU,-33.65,115.3333,69.57,79,100,14.94,overcast clouds,2022-03-26 01:56:28
10,Chimbote,PE,-9.0853,-78.5783,69.22,84,33,5.21,scattered clouds,2022-03-26 02:03:21
11,San Policarpo,PH,12.1791,125.5072,82.53,76,15,10.67,few clouds,2022-03-26 01:59:57
12,Riyadh,SA,24.6877,46.7219,59.14,21,0,8.57,clear sky,2022-03-26 01:55:29
13,Ushuaia,AR,-54.8,-68.3,49.66,76,75,6.91,broken clouds,2022-03-26 01:56:52
14,Portsmouth,GB,50.799,-1.0913,48.0,70,0,3.0,clear sky,2022-03-26 02:03:22
15,Rikitea,PF,-23.1203,-134.9692,79.95,72,52,17.13,broken clouds,2022-03-26 01:52:57
16,Avarua,CK,-21.2078,-159.775,82.45,78,75,11.5,broken clouds,2022-03-26 01:56:39
17,Gazanjyk,TM,39.2446,55.5154,41.85,85,40,6.69,scattered clouds,2022-03-26 02:03:22
18,Mataura,NZ,-46.1927,168.8643,62.44,69,99,5.28,overcast clouds,2022-03-26 01:56:23
19,Severo-Kurilsk,RU,50.6789,156.125,31.96,76,40,15.23,scattered clouds,2022-03-26 01:57:06
20,Esperance,AU,-33.8667,121.9,76.84,50,100,12.15,overcast clouds,2022-03-26 01:57:23
21,Ponta Do Sol,PT,32.6667,-17.1,61.0,72,86,6.22,overcast clouds,2022-03-26 01:56:22
22,Longyearbyen,SJ,78.2186,15.6401,1.24,71,20,3.44,few clouds,2022-03-26 01:56:22
23,Hermanus,ZA,-34.4187,19.2345,58.8,81,76,13.67,broken clouds,2022-03-26 01:56:32
24,Zhangye,CN,38.9342,100.4517,37.65,30,46,5.66,scattered clouds,2022-03-26 02:03:23
25,Port Alfred,ZA,-33.5906,26.891,63.54,83,15,5.17,few clouds,2022-03-26 01:56:38
26,Castro,BR,-24.7911,-50.0119,63.55,97,100,2.77,overcast clouds,2022-03-26 01:57:42
27,Souillac,MU,-20.5167,57.5167,75.58,94,40,4.61,scattered clouds,2022-03-26 01:56:50
28,Albany,US,42.6001,-73.9662,45.68,73,99,3.0,overcast clouds,2022-03-26 01:56:20
29,Kapaa,US,22.0752,-159.319,80.58,64,54,5.99,broken clouds,2022-03-26 01:56:23
30,Itacare,BR,-14.2775,-38.9967,76.62,80,32,5.48,scattered clouds,2022-03-26 02:03:24
31,Lebu,CL,-37.6167,-73.65,55.11,91,2,13.04,clear sky,2022-03-26 01:56:53
32,Cidreira,BR,-30.1811,-50.2056,64.81,80,16,8.05,few clouds,2022-03-26 01:58:01
33,Palmer,US,42.1584,-72.3287,50.09,70,94,5.17,overcast clouds,2022-03-26 01:56:39
34,Tuktoyaktuk,CA,69.4541,-133.0374,-7.6,71,0,17.27,clear sky,2022-03-26 01:56:34
35,Torbay,CA,47.6666,-52.7314,30.58,87,100,8.77,overcast clouds,2022-03-26 01:57:40
36,Khromtau,KZ,50.2503,58.4347,25.79,92,100,6.44,overcast clouds,2022-03-26 02:03:25
37,Kavieng,PG,-2.5744,150.7967,83.91,66,100,7.61,overcast clouds,2022-03-26 01:56:26
38,Nanortalik,GL,60.1432,-45.2371,25.66,85,5,4.43,clear sky,2022-03-26 02:03:26
39,Nuuk,GL,64.1835,-51.7216,10.94,88,97,4.36,overcast clouds,2022-03-26 01:59:26
40,Kahului,US,20.8947,-156.47,77.85,79,4,18.01,clear sky,2022-03-26 01:58:27
41,Maragogi,BR,-9.0122,-35.2225,77.34,86,25,2.59,scattered clouds,2022-03-26 02:03:26
42,Bredasdorp,ZA,-34.5322,20.0403,60.98,84,44,9.31,light rain,2022-03-26 01:56:51
43,Skjervoy,NO,70.0311,20.9714,24.8,81,100,20.62,snow,2022-03-26 02:03:27
44,Kinshasa,CD,-4.3246,15.3215,75.4,87,100,0.98,light rain,2022-03-26 02:03:11
45,Guerrero Negro,MX,27.9769,-114.0611,67.48,56,100,11.3,overcast clouds,2022-03-26 01:59:21
46,Hobart,AU,-42.8794,147.3294,74.23,59,20,3.44,few clouds,2022-03-26 01:56:27
47,Abonnema,NG,4.7084,6.7931,79.07,90,93,3.94,overcast clouds,2022-03-26 02:03:27
48,Hithadhoo,MV,-0.6,73.0833,83.43,68,100,12.93,overcast clouds,2022-03-26 01:56:27
49,Bluff,NZ,-46.6,168.3333,60.62,73,94,10.04,overcast clouds,2022-03-26 01:56:42
50,Golden,US,39.7555,-105.2211,56.64,40,40,3.44,scattered clouds,2022-03-26 02:01:31
51,Atikokan,CA,48.7555,-91.6216,19.17,88,100,14.16,overcast clouds,2022-03-26 02:03:28
52,Portland,US,45.5234,-122.6762,60.82,50,100,1.01,overcast clouds,2022-03-26 02:03:29
53,Tiksi,RU,71.6872,128.8694,-0.99,96,47,1.43,scattered clouds,2022-03-26 01:56:50
54,Sinnamary,GF,5.3833,-52.95,77.43,86,97,14.27,overcast clouds,2022-03-26 02:03:29
55,Puerto Ayora,EC,-0.7393,-90.3518,77.31,87,55,5.26,moderate rain,2022-03-26 01:51:59
56,Dingle,PH,10.9995,122.6711,88.03,54,32,12.1,scattered clouds,2022-03-26 01:57:13
57,Punta Arenas,CL,-53.15,-70.9167,55.51,62,75,20.71,broken clouds,2022-03-26 01:54:04
58,Airai,TL,-8.9266,125.4092,73.29,62,60,2.17,broken clouds,2022-03-26 01:56:57
59,Dioknisi,GE,41.6293,42.3917,21.83,97,100,2.1,overcast clouds,2022-03-26 02:03:30
60,General Roca,AR,-39.0333,-67.5833,62.35,29,8,8.43,clear sky,2022-03-26 02:03:30
61,Ribeira Grande,PT,38.5167,-28.7,57.51,87,100,14.23,overcast clouds,2022-03-26 01:56:58
62,Taga,RO,46.95,24.05,25.12,65,0,1.72,clear sky,2022-03-26 02:03:31
63,Umm Lajj,SA,25.0213,37.2685,61.56,50,0,13.44,clear sky,2022-03-26 02:03:31
64,Cape Town,ZA,-33.9258,18.4232,61.27,69,0,6.91,clear sky,2022-03-26 01:54:25
65,Najran,SA,17.4924,44.1277,66.85,20,3,3.0,clear sky,2022-03-26 01:59:20
66,Nikolskoye,RU,59.7035,30.7861,38.71,86,79,12.86,broken clouds,2022-03-26 01:56:29
67,Butaritari,KI,3.0707,172.7902,80.37,76,96,8.84,overcast clouds,2022-03-26 01:56:54
68,East London,ZA,-33.0153,27.9116,63.46,89,77,2.13,light rain,2022-03-26 01:55:56
69,Anadyr,RU,64.75,177.4833,9.1,78,0,4.47,clear sky,2022-03-26 01:56:44
70,Dikson,RU,73.5069,80.5464,8.17,91,100,6.55,overcast clouds,2022-03-26 01:57:04
71,Madimba,TZ,-10.4,40.3333,76.46,89,83,3.74,broken clouds,2022-03-26 02:03:32
72,San Cristobal,VE,7.7669,-72.225,73.58,74,94,2.73,overcast clouds,2022-03-26 01:56:38
73,Lorengau,PG,-2.0226,147.2712,83.28,77,100,8.99,overcast clouds,2022-03-26 01:59:12
74,Lavrentiya,RU,65.5833,-171.0,16.18,88,32,4.5,scattered clouds,2022-03-26 01:57:52
75,Quatre Cocos,MU,-20.2078,57.7625,77.09,82,18,7.81,few clouds,2022-03-26 02:03:33
76,Longkou,CN,37.6508,120.3286,45.07,64,38,12.21,scattered clouds,2022-03-26 02:03:33
77,Norman Wells,CA,65.282,-126.8329,14.04,52,40,16.11,scattered clouds,2022-03-26 01:58:25
78,Port Hedland,AU,-20.3167,118.5667,93.25,40,13,5.75,few clouds,2022-03-26 01:58:25
79,Verkhnevilyuysk,RU,63.4453,120.3167,21.45,91,100,3.2,overcast clouds,2022-03-26 02:03:34
80,Hovd,MN,48.0056,91.6419,20.3,35,20,1.36,few clouds,2022-03-26 01:59:57
81,Krasnoselkup,RU,65.7,82.4667,22.89,95,100,17.05,light snow,2022-03-26 01:59:38
82,Ulan-Ude,RU,51.8261,107.6098,21.09,73,69,4.47,broken clouds,2022-03-26 02:03:34
83,Hilo,US,19.7297,-155.09,79.11,66,10,3.0,clear sky,2022-03-26 01:56:26
84,Talwandi Bhai,IN,30.85,74.9333,68.14,24,0,4.43,clear sky,2022-03-26 02:03:35
85,Plainview,US,40.7765,-73.4673,52.75,60,100,5.75,overcast clouds,2022-03-26 02:03:35
86,Chokurdakh,RU,70.6333,147.9167,2.89,95,100,14.7,light snow,2022-03-26 01:57:09
87,Inegol,TR,40.0781,29.5133,38.48,99,100,2.28,overcast clouds,2022-03-26 02:03:35
88,Scarborough,GB,54.2797,-0.4044,49.64,81,13,3.91,few clouds,2022-03-26 02:00:41
89,Half Moon Bay,US,37.4636,-122.4286,65.88,78,0,11.5,mist,2022-03-26 01:58:56
90,San Patricio,US,28.017,-97.5169,71.69,51,0,9.46,clear sky,2022-03-26 01:59:09
91,Pangody,RU,65.85,74.4859,6.13,92,100,22.24,overcast clouds,2022-03-26 02:03:36
92,Cherskiy,RU,68.75,161.3,-4.14,87,100,6.2,overcast clouds,2022-03-26 01:56:43
93,Mahebourg,MU,-20.4081,57.7,77.25,94,40,4.61,scattered clouds,2022-03-26 01:59:36
94,Tenenkou,ML,14.4572,-4.9169,87.76,32,60,3.85,broken clouds,2022-03-26 02:03:37
95,Jamestown,US,42.097,-79.2353,38.71,70,100,6.91,overcast clouds,2022-03-26 01:55:02
96,Port Elizabeth,ZA,-33.918,25.5701,63.32,85,0,5.75,clear sky,2022-03-26 01:54:45
97,Odesskoye,RU,54.2111,72.9651,9.37,94,6,7.92,clear sky,2022-03-26 02:03:37
98,Cocentaina,ES,38.7398,-0.4398,53.28,92,97,11.48,overcast clouds,2022-03-26 02:03:38
99,Tabatinga,BR,-4.2525,-69.9381,72.97,98,100,1.25,light rain,2022-03-26 02:03:38
100,Chuy,UY,-33.6971,-53.4616,59.88,93,100,14.12,overcast clouds,2022-03-26 01:56:36
101,Geraldton,AU,-28.7667,114.6,77.41,88,75,8.05,broken clouds,2022-03-26 01:56:24
102,Praia,CV,14.9215,-23.5087,64.94,77,0,8.05,clear sky,2022-03-26 01:59:03
103,Barrow,US,71.2906,-156.7887,-0.09,91,80,19.98,broken clouds,2022-03-26 01:55:01
104,Moose Factory,CA,51.2585,-80.6094,30.18,93,100,2.3,overcast clouds,2022-03-26 02:03:39
105,Saint-Francois,FR,46.4154,3.9054,40.68,90,0,2.3,clear sky,2022-03-26 01:58:50
106,Unity,CA,52.4501,-109.1682,12.56,92,53,5.91,broken clouds,2022-03-26 02:03:39
107,Laguna,US,38.421,-121.4238,78.4,33,20,5.26,few clouds,2022-03-26 01:57:58
108,Vardo,NO,70.3705,31.1107,25.21,60,100,20.47,overcast clouds,2022-03-26 01:57:30
109,Lompoc,US,34.6391,-120.4579,66.34,87,100,6.91,mist,2022-03-26 01:58:52
110,Leh,IN,34.1667,77.5833,15.98,62,1,4.59,clear sky,2022-03-26 02:03:40
111,Porto Novo,BJ,6.4965,2.6036,84.02,83,18,5.68,few clouds,2022-03-26 01:56:32
112,Ajaccio,FR,42.0,8.9167,41.05,75,0,5.75,clear sky,2022-03-26 02:00:14
113,Poum,NC,-20.2333,164.0167,80.89,74,100,11.88,overcast clouds,2022-03-26 01:59:01
114,Buala,SB,-8.145,159.5921,78.8,89,100,8.59,moderate rain,2022-03-26 02:03:41
115,Pevek,RU,69.7008,170.3133,-1.88,86,79,1.72,broken clouds,2022-03-26 01:57:36
116,Valdemarpils,LV,57.3707,22.5919,42.4,82,100,13.91,overcast clouds,2022-03-26 02:03:41
117,Lagoa,PT,39.05,-27.9833,58.64,94,100,31.65,overcast clouds,2022-03-26 01:58:59
118,Bilibino,RU,68.0546,166.4372,7.12,83,100,8.21,overcast clouds,2022-03-26 01:59:37
119,Swan Hill,AU,-35.3378,143.5544,79.18,39,3,6.82,clear sky,2022-03-26 02:03:42
120,Kodiak,US,57.79,-152.4072,42.31,70,100,8.05,overcast clouds,2022-03-26 01:57:01
121,Bonthe,SL,7.5264,-12.505,77.16,92,1,4.65,clear sky,2022-03-26 01:56:30
122,Humaita,BR,-7.5061,-63.0208,75.16,98,100,0.38,light rain,2022-03-26 02:03:42
123,Beringovskiy,RU,63.05,179.3167,15.42,87,75,4.32,broken clouds,2022-03-26 02:00:17
124,Gusau,NG,12.1628,6.6614,76.77,16,0,10.92,clear sky,2022-03-26 02:03:43
125,Kununurra,AU,-15.7667,128.7333,87.78,66,40,4.61,scattered clouds,2022-03-26 02:03:43
126,Avera,US,33.194,-82.5271,54.91,59,6,9.15,clear sky,2022-03-26 01:56:26
127,Kaitangata,NZ,-46.2817,169.8464,63.77,65,100,6.62,overcast clouds,2022-03-26 01:56:57
128,Sechura,PE,-5.5569,-80.8222,72.16,72,99,14.9,overcast clouds,2022-03-26 02:03:44
129,Haines Junction,CA,60.7522,-137.5108,40.95,52,77,8.05,broken clouds,2022-03-26 01:59:54
130,Sao Domingos,BR,-13.3983,-46.3183,74.7,55,40,3.31,scattered clouds,2022-03-26 02:03:44
131,Akyab,MM,20.15,92.9,81.41,69,16,2.57,few clouds,2022-03-26 02:03:45
132,Keti Bandar,PK,24.1447,67.4497,76.68,76,0,8.39,clear sky,2022-03-26 02:03:45
133,Nouadhibou,MR,20.931,-17.0347,61.99,81,20,17.27,few clouds,2022-03-26 02:03:22
134,Ankazobe,MG,-18.3167,47.1167,63.32,94,1,3.09,clear sky,2022-03-26 02:03:46
135,Longhua,CN,23.6137,114.1919,75.43,93,100,1.07,overcast clouds,2022-03-26 02:03:46
136,Pacific Grove,US,36.6177,-121.9166,61.56,81,100,5.99,overcast clouds,2022-03-26 01:57:48
137,Basco,PH,20.4487,121.9702,81.46,87,7,11.59,clear sky,2022-03-26 02:03:46
138,Vanimo,PG,-2.6741,141.3028,84.65,67,100,3.58,light rain,2022-03-26 01:58:52
139,Surgut,RU,61.25,73.4167,6.98,77,94,20.13,overcast clouds,2022-03-26 02:03:47
140,Provideniya,RU,64.3833,-173.3,17.53,78,9,2.51,clear sky,2022-03-26 01:58:12
141,Zagare,LT,56.3592,23.25,43.79,76,100,15.01,overcast clouds,2022-03-26 02:03:47
142,Saint-Georges,GD,12.0564,-61.7485,77.83,81,75,17.67,broken clouds,2022-03-26 02:03:48
143,Palapye,BW,-22.546,27.1251,64.18,90,100,3.71,light rain,2022-03-26 02:03:48
144,Upernavik,GL,72.7868,-56.1549,0.28,96,100,8.63,overcast clouds,2022-03-26 01:56:32
145,Khatanga,RU,71.9667,102.5,-6.72,97,79,4.74,broken clouds,2022-03-26 01:56:38
146,Liberal,US,37.0431,-100.921,48.34,46,0,6.91,clear sky,2022-03-26 02:03:49
147,Arlit,NE,18.7369,7.3853,76.62,12,59,6.6,broken clouds,2022-03-26 01:57:07
148,Morondava,MG,-20.2833,44.2833,77.27,90,6,5.61,clear sky,2022-03-26 01:56:19
149,Sisimiut,GL,66.9395,-53.6735,14.88,96,100,6.15,overcast clouds,2022-03-26 01:56:35
150,Ndele,CF,8.4109,20.6473,72.61,19,8,4.21,clear sky,2022-03-26 02:03:49
151,Kure,JP,34.2333,132.5667,66.47,95,100,6.15,light rain,2022-03-26 02:03:50
152,Isangel,VU,-19.55,169.2667,82.56,67,100,10.29,overcast clouds,2022-03-26 01:52:47
153,Sungairaya,ID,0.7,108.9,86.05,64,70,1.43,broken clouds,2022-03-26 02:03:50
154,Richards Bay,ZA,-28.783,32.0377,68.4,93,84,7.2,light rain,2022-03-26 02:03:50
155,Vestmannaeyjar,IS,63.4427,-20.2734,41.97,88,100,29.17,overcast clouds,2022-03-26 02:03:51
156,Ishurdi,BD,24.1333,89.0833,80.98,72,40,7.9,scattered clouds,2022-03-26 02:03:51
157,Port Moresby,PG,-9.4431,147.1797,83.41,74,86,6.76,overcast clouds,2022-03-26 02:03:52
158,Arraial Do Cabo,BR,-22.9661,-42.0278,76.96,94,0,11.5,clear sky,2022-03-26 01:56:21
159,Lamesa,US,32.7376,-101.951,70.52,11,0,5.86,clear sky,2022-03-26 02:03:52
160,Talnakh,RU,69.4865,88.3972,16.21,78,100,9.19,overcast clouds,2022-03-26 01:56:44
161,Thompson,CA,55.7435,-97.8558,-0.24,65,20,10.36,few clouds,2022-03-26 01:56:20
162,Dobson,US,36.3957,-80.7226,48.99,60,0,5.75,clear sky,2022-03-26 02:03:53
163,Pisco,PE,-13.7,-76.2167,69.85,68,0,4.61,clear sky,2022-03-26 01:54:58
164,Norsup,VU,-16.0667,167.3833,84.06,75,74,1.7,broken clouds,2022-03-26 02:03:53
165,Saint George,US,37.1041,-113.5841,79.25,12,8,0.92,clear sky,2022-03-26 01:57:35
166,Buin,CL,-33.7333,-70.75,69.73,45,0,2.44,clear sky,2022-03-26 02:03:54
167,Saskylakh,RU,71.9167,114.0833,-7.11,100,100,2.3,overcast clouds,2022-03-26 01:57:20
168,Mahanoro,MG,-19.9,48.8,75.25,91,0,4.21,clear sky,2022-03-26 02:03:54
169,Lisakovsk,KZ,52.5369,62.4936,15.89,94,88,10.54,overcast clouds,2022-03-26 01:55:30
170,Bremerton,US,47.5673,-122.6326,58.35,57,100,5.75,overcast clouds,2022-03-26 02:03:55
171,Yellowknife,CA,62.456,-114.3525,-7.08,78,0,6.91,clear sky,2022-03-26 01:56:21
172,Magadan,RU,59.5667,150.8,22.53,67,6,2.68,clear sky,2022-03-26 02:03:56
173,Grindavik,IS,63.8424,-22.4338,45.07,100,100,27.63,light intensity drizzle,2022-03-26 01:56:36
174,Mehamn,NO,71.0357,27.8492,22.8,71,100,17.65,light snow,2022-03-26 01:57:42
175,Hof,DE,50.3167,11.9167,37.62,73,0,1.01,clear sky,2022-03-26 02:03:57
176,Batemans Bay,AU,-35.7167,150.1833,68.09,66,36,8.7,scattered clouds,2022-03-26 02:03:57
177,Alyangula,AU,-13.8483,136.4192,86.94,57,53,11.63,broken clouds,2022-03-26 02:03:57
178,Chodavaram,IN,17.8333,82.95,80.44,67,95,4.27,overcast clouds,2022-03-26 02:03:58
179,Qaanaaq,GL,77.484,-69.3632,4.05,73,100,5.68,overcast clouds,2022-03-26 01:56:51
180,Benito Juarez,MX,19.385,-99.165,67.84,31,75,17.27,broken clouds,2022-03-26 02:03:58
181,Rockingham,US,42.9668,-71.0995,52.36,70,73,7.9,broken clouds,2022-03-26 02:03:59
182,Asyut,EG,27.181,31.1837,50.7,52,0,8.81,clear sky,2022-03-26 02:03:59
183,Vila Franca Do Campo,PT,37.7167,-25.4333,59.41,90,100,25.86,overcast clouds,2022-03-26 01:58:59
184,Mount Gambier,AU,-37.8333,140.7667,67.91,56,4,10.36,clear sky,2022-03-26 01:58:29
185,Payo,ID,-3.7508,103.6372,83.64,72,47,0.74,moderate rain,2022-03-26 01:59:23
186,Karasjok,NO,69.4719,25.5112,17.1,89,100,7.92,overcast clouds,2022-03-26 02:04:00
187,Leo,BF,11.1,-2.1,82.24,57,100,4.47,overcast clouds,2022-03-26 02:04:00
188,Kanodar,IN,24.1,72.3833,78.44,30,8,5.17,clear sky,2022-03-26 02:04:00
189,Eureka,US,40.8021,-124.1637,56.57,77,98,3.0,overcast clouds,2022-03-26 02:03:50
190,Severnoye,RU,56.3491,78.3619,15.21,88,100,13.76,overcast clouds,2022-03-26 02:04:01
191,Pozo Colorado,PY,-23.4923,-58.7972,62.74,51,1,3.58,clear sky,2022-03-26 02:04:01
192,Olafsvik,IS,64.8945,-23.7142,42.31,96,100,32.44,heavy intensity rain,2022-03-26 01:56:34
193,Katsuura,JP,35.1333,140.3,64.42,80,100,24.99,light rain,2022-03-26 01:57:03
194,Kisangani,CD,0.5167,25.2,69.03,99,100,1.41,overcast clouds,2022-03-26 02:00:24
195,New Norfolk,AU,-42.7826,147.0587,73.89,36,3,1.54,clear sky,2022-03-26 01:56:57
196,Sioux Lookout,CA,50.1001,-91.917,15.87,86,100,17.27,overcast clouds,2022-03-26 02:04:02
197,Anupgarh,IN,29.1911,73.2086,75.61,17,0,6.29,clear sky,2022-03-26 02:02:24
198,Verkhoyansk,RU,67.5447,133.385,3.06,91,99,2.64,overcast clouds,2022-03-26 01:59:32
199,Thiers,FR,45.8333,3.5,39.52,89,0,2.73,clear sky,2022-03-26 02:04:03
200,Corowa,AU,-36.0333,146.3833,82.42,39,0,1.19,clear sky,2022-03-26 02:04:03
201,Ihosy,MG,-22.4,46.1167,67.57,94,3,2.95,clear sky,2022-03-26 02:04:03
202,Bambous Virieux,MU,-20.3428,57.7575,77.22,94,40,4.61,scattered clouds,2022-03-26 01:57:17
203,Mildura,AU,-34.2,142.15,81.07,49,0,7.49,clear sky,2022-03-26 02:04:04
204,Iqaluit,CA,63.7506,-68.5145,20.93,92,100,23.02,light snow,2022-03-26 01:57:01
205,Preobrazheniye,RU,42.9019,133.9064,38.88,99,100,6.2,moderate rain,2022-03-26 02:04:04
206,Grand Gaube,MU,-20.0064,57.6608,77.38,88,6,1.01,clear sky,2022-03-26 01:59:01
207,Batie,BF,9.8833,-2.9167,80.49,67,100,7.49,overcast clouds,2022-03-26 02:04:05
208,Andros Town,BS,24.7,-77.7667,73.69,70,99,15.05,overcast clouds,2022-03-26 02:00:16
209,Sharjah,AE,25.3573,55.4033,76.98,83,0,5.75,clear sky,2022-03-26 02:04:05
210,Te Anau,NZ,-45.4167,167.7167,67.53,53,37,2.55,scattered clouds,2022-03-26 01:58:03
211,Tucuman,AR,-26.8241,-65.2226,59.5,67,0,4.52,clear sky,2022-03-26 02:01:29
212,Muros,ES,42.7762,-9.0603,56.08,93,94,7.31,overcast clouds,2022-03-26 02:04:06
213,Cacule,BR,-14.5033,-42.2222,70.03,65,11,3.58,few clouds,2022-03-26 02:04:06
214,Hasaki,JP,35.7333,140.8333,61.29,77,100,27.89,moderate rain,2022-03-26 01:57:18
215,Presidente Medici,BR,-11.1753,-61.9014,74.3,95,100,2.1,overcast clouds,2022-03-26 02:04:07
216,Coro,VE,11.4045,-69.6734,77.04,83,86,16.31,overcast clouds,2022-03-26 02:04:07
217,Goderich,CA,43.7501,-81.7165,37.72,75,100,6.91,overcast clouds,2022-03-26 01:56:45
218,Zasheyek,RU,67.4066,32.5499,17.04,89,100,7.87,overcast clouds,2022-03-26 02:04:08
219,Hamilton,US,39.1834,-84.5333,45.45,82,100,12.66,overcast clouds,2022-03-26 01:54:25
220,Rudnogorsk,RU,57.2639,103.7519,20.77,84,78,3.67,broken clouds,2022-03-26 02:04:09
221,Ayagoz,KZ,47.9714,80.4392,11.61,90,10,3.98,clear sky,2022-03-26 02:04:09
222,Wankaner,IN,22.6167,70.9333,77.61,56,51,6.69,broken clouds,2022-03-26 01:59:51
223,Coracora,PE,-15.0333,-73.7833,49.77,91,100,3.98,overcast clouds,2022-03-26 02:04:09
224,Boquira,BR,-12.8231,-42.7306,71.06,66,47,2.68,scattered clouds,2022-03-26 02:04:10
225,Kalemie,CD,-5.9475,29.1947,70.23,88,76,1.72,broken clouds,2022-03-26 02:04:10
226,Monterey,US,36.2505,-121.2516,58.17,13,98,8.59,overcast clouds,2022-03-26 02:04:10
227,Vao,NC,-22.6667,167.4833,77.54,64,76,13.35,broken clouds,2022-03-26 02:04:11
228,Oktyabrskoye,RU,43.0645,44.7417,28.54,100,99,4.47,mist,2022-03-26 02:04:11
229,Wanaka,NZ,-44.7,169.15,67.1,55,94,1.99,overcast clouds,2022-03-26 02:01:04
230,Povoa De Varzim,PT,41.3834,-8.7636,59.23,82,20,5.75,few clouds,2022-03-26 02:04:12
231,Iguape,BR,-24.7081,-47.5553,75.76,92,100,4.41,overcast clouds,2022-03-26 02:03:11
232,Mar Del Plata,AR,-38.0023,-57.5575,65.08,94,100,20.0,drizzle,2022-03-26 01:57:53
233,Tomohon,ID,1.3346,124.8392,77.94,67,100,3.94,overcast clouds,2022-03-26 02:04:12
234,Tuatapere,NZ,-46.1333,167.6833,62.01,72,91,7.02,overcast clouds,2022-03-26 01:56:45
235,Nome,US,64.5011,-165.4064,23.11,80,0,6.91,clear sky,2022-03-26 02:04:13
236,Saldanha,ZA,-33.0117,17.9442,57.25,78,100,10.69,overcast clouds,2022-03-26 01:57:02
237,Jawhar,SO,2.7809,45.5005,78.22,84,0,6.44,clear sky,2022-03-26 02:04:13
238,Victoria,HK,22.2855,114.1577,82.45,93,71,3.0,broken clouds,2022-03-26 01:54:54
239,Naifaru,MV,5.4444,73.3657,81.18,65,0,2.57,clear sky,2022-03-26 02:04:14
240,Salalah,OM,17.0151,54.0924,75.45,29,43,3.18,scattered clouds,2022-03-26 01:56:48
241,Jijiga,ET,9.35,42.8,63.01,89,63,7.54,broken clouds,2022-03-26 02:04:14
242,San Juan Del Sur,NI,11.2529,-85.8705,81.81,62,100,25.52,overcast clouds,2022-03-26 02:04:15
243,Cayenne,GF,4.9333,-52.3333,81.09,1,75,10.36,broken clouds,2022-03-26 01:56:49
244,Kawalu,ID,-7.3817,108.2082,76.77,90,97,1.95,overcast clouds,2022-03-26 02:04:15
245,Shingu,JP,33.7333,135.9833,61.81,89,100,12.71,light rain,2022-03-26 02:04:16
246,Labuhan,ID,-6.8844,112.2051,83.79,75,85,4.34,overcast clouds,2022-03-26 01:59:11
247,Fortuna,US,40.5982,-124.1573,56.91,78,0,12.66,clear sky,2022-03-26 01:57:49
248,Alofi,NU,-19.0595,-169.9187,80.49,89,99,8.05,overcast clouds,2022-03-26 01:57:08
249,Barcelos,PT,41.5388,-8.6151,58.91,86,69,4.68,broken clouds,2022-03-26 02:04:18
250,Roald,NO,62.5833,6.1333,41.76,75,100,4.61,overcast clouds,2022-03-26 01:59:05
251,Karratha,AU,-20.7377,116.8463,89.31,55,24,7.54,few clouds,2022-03-26 02:03:19
252,Panzhihua,CN,26.5851,101.7128,69.04,54,37,0.96,scattered clouds,2022-03-26 02:00:36
253,Nautla,MX,20.2167,-96.7833,67.6,67,7,9.06,clear sky,2022-03-26 02:04:19
254,Krasnovishersk,RU,60.4078,57.082,9.05,94,100,5.75,overcast clouds,2022-03-26 02:04:20
255,Bozhou,CN,33.8772,115.7703,56.62,47,100,4.56,overcast clouds,2022-03-26 02:04:20
256,Byron Bay,AU,-28.65,153.6167,70.95,77,100,8.32,overcast clouds,2022-03-26 02:04:20
257,Vanavara,RU,60.34,102.2797,16.75,91,92,4.81,overcast clouds,2022-03-26 02:04:21
258,Koungou,YT,-12.7336,45.2042,80.31,89,0,5.75,clear sky,2022-03-26 02:04:21
259,Port Blair,IN,11.6667,92.75,80.64,89,20,0.0,mist,2022-03-26 01:58:13
260,Faanui,PF,-16.4833,-151.75,82.45,70,87,11.54,overcast clouds,2022-03-26 01:56:50
261,Coquimbo,CL,-29.9533,-71.3436,60.53,88,100,4.61,overcast clouds,2022-03-26 01:53:16
262,Kysyl-Syr,RU,63.8986,122.7617,17.46,91,100,4.07,overcast clouds,2022-03-26 02:04:22
263,Muroto,JP,33.2833,134.15,61.97,95,100,22.12,moderate rain,2022-03-26 01:57:32
264,Petropavlovsk-Kamchatskiy,RU,53.0452,158.6483,32.59,51,75,2.24,broken clouds,2022-03-26 01:58:43
265,Yar-Sale,RU,66.8333,70.8333,-6.47,97,84,9.44,broken clouds,2022-03-26 01:56:53
266,Palatka,US,29.6486,-81.6376,65.98,59,4,6.11,clear sky,2022-03-26 02:04:23
267,Juneau,US,58.3019,-134.4197,41.22,96,100,3.06,overcast clouds,2022-03-26 01:56:59
268,Salvador,SV,13.8333,-88.9167,77.4,60,96,5.57,overcast clouds,2022-03-26 02:04:23
269,Kamenka,RU,51.3223,42.7678,27.43,95,100,8.34,overcast clouds,2022-03-26 01:57:31
270,Bukachacha,RU,52.9833,116.9167,27.99,79,100,3.31,overcast clouds,2022-03-26 02:04:24
271,Nexo,DK,55.0607,15.1306,44.69,86,23,23.29,few clouds,2022-03-26 02:04:25
272,Gobabis,NA,-22.45,18.9667,64.35,75,22,0.96,few clouds,2022-03-26 01:57:13
273,Faya,SA,18.3851,42.4509,57.31,51,5,4.18,clear sky,2022-03-26 01:57:52
274,Kikwit,CD,-5.041,18.8162,71.2,96,100,2.17,overcast clouds,2022-03-26 02:04:25
275,Mezen,RU,65.8522,44.24,16.11,94,100,8.5,overcast clouds,2022-03-26 01:58:50
276,Port-Cartier,CA,50.0334,-66.8654,28.62,96,100,24.67,snow,2022-03-26 02:04:26
277,Nantucket,US,41.2835,-70.0995,44.02,91,35,21.5,scattered clouds,2022-03-26 01:57:53
278,Padang,ID,-0.9492,100.3543,82.45,61,33,1.97,scattered clouds,2022-03-26 01:58:23
279,Ostrovnoy,RU,68.0531,39.5131,22.28,88,100,21.18,light snow,2022-03-26 01:57:40
280,Tougue,GN,11.4667,-11.6,75.18,30,5,2.59,clear sky,2022-03-26 02:04:27
281,Shellbrook,CA,53.2168,-106.4011,6.71,91,49,4.29,scattered clouds,2022-03-26 02:04:27
282,Carnarvon,AU,-24.8667,113.6333,82.47,74,40,10.36,scattered clouds,2022-03-26 01:56:31
283,Yerbogachen,RU,61.2767,108.0108,18.1,90,46,3.42,scattered clouds,2022-03-26 01:57:36
284,Ixtapa,MX,20.7,-105.2,72.23,89,7,1.99,clear sky,2022-03-26 01:58:15
285,Namibe,AO,-15.1961,12.1522,71.11,82,26,9.8,scattered clouds,2022-03-26 01:56:44
286,Touros,BR,-5.1989,-35.4608,79.83,84,100,11.81,light rain,2022-03-26 01:57:08
287,Mendi,PG,-6.1761,143.6513,70.14,60,100,5.06,overcast clouds,2022-03-26 01:54:53
288,Dunedin,NZ,-45.8742,170.5036,64.8,65,98,11.99,overcast clouds,2022-03-26 01:55:24
289,Nadym,RU,65.5333,72.5167,0.9,92,99,18.99,overcast clouds,2022-03-26 02:04:28
290,Klaksvik,FO,62.2266,-6.589,41.92,95,100,18.75,overcast clouds,2022-03-26 01:57:59
291,Terekli-Mekteb,RU,44.1671,45.8698,36.1,97,100,13.02,overcast clouds,2022-03-26 02:04:29
292,Mwense,ZM,-10.3845,28.698,65.93,97,49,2.39,scattered clouds,2022-03-26 02:04:29
293,Constitucion,CL,-35.3333,-72.4167,52.59,82,0,0.78,clear sky,2022-03-26 01:57:14
294,Kathu,TH,7.9178,98.3332,84.69,99,29,5.46,scattered clouds,2022-03-26 02:04:30
295,Fukue,JP,32.6881,128.8419,64.76,88,75,11.5,light rain,2022-03-26 01:56:41
296,Polunochnoye,RU,60.8697,60.4153,10.96,89,98,4.34,overcast clouds,2022-03-26 02:04:31
297,Narsaq,GL,60.9167,-46.05,15.42,81,2,7.29,clear sky,2022-03-26 01:57:20
298,Tiarei,PF,-17.5333,-149.3333,87.82,73,85,11.92,overcast clouds,2022-03-26 01:56:39
299,Tasiilaq,GL,65.6145,-37.6368,16.72,94,100,7.25,light snow,2022-03-26 01:56:24
300,Gornopravdinsk,RU,60.05,69.9,8.35,89,17,8.66,few clouds,2022-03-26 02:04:17
301,Villa Rica,US,33.7321,-84.9191,53.67,76,2,7.63,clear sky,2022-03-26 02:01:50
302,Praya,CV,14.9215,-23.5087,66.74,77,0,8.05,clear sky,2022-03-26 02:04:32
303,Kabinda,CD,-6.1333,24.4833,68.05,91,83,1.43,broken clouds,2022-03-26 02:04:32
304,Nagato,JP,34.3833,131.2,57.2,93,100,22.46,light rain,2022-03-26 02:04:32
305,Lere,NG,10.387,8.5726,75.34,19,9,9.13,clear sky,2022-03-26 02:04:33
306,Sibu,MY,2.3,111.8167,86.54,68,77,1.14,broken clouds,2022-03-26 02:04:33
307,Lebedinyy,RU,58.5167,125.5167,22.55,83,77,4.38,broken clouds,2022-03-26 02:04:33
308,Shizunai,JP,42.3339,142.3669,42.3,92,100,16.87,overcast clouds,2022-03-26 02:04:34
309,Flinders,AU,-34.5833,150.8552,76.05,78,46,4.0,light rain,2022-03-26 01:59:05
310,Swift Current,CA,50.2834,-107.8014,29.25,70,79,10.78,broken clouds,2022-03-26 02:00:28
311,Astoria,US,46.1879,-123.8313,49.59,87,100,5.01,overcast clouds,2022-03-26 02:04:34
312,Georgetown,MY,5.4112,100.3354,85.93,86,20,2.3,few clouds,2022-03-26 01:56:35
313,Conceicao Do Castelo,BR,-20.3683,-41.2439,66.87,92,97,3.22,overcast clouds,2022-03-26 02:04:36
314,Nyurba,RU,63.2842,118.3319,18.18,94,100,1.14,overcast clouds,2022-03-26 02:04:36
315,Hay River,CA,60.8156,-115.7999,-16.19,99,44,6.06,scattered clouds,2022-03-26 02:04:36
316,Port Hawkesbury,CA,45.6169,-61.3485,34.92,98,100,12.66,light rain,2022-03-26 01:58:07
317,Cordoba,AR,-31.4135,-64.1811,61.75,47,0,1.01,clear sky,2022-03-26 02:00:20
318,Leshukonskoye,RU,64.8989,45.7622,17.78,94,100,7.27,overcast clouds,2022-03-26 02:04:37
319,Camacha,PT,33.0833,-16.3333,56.62,72,40,4.61,scattered clouds,2022-03-26 02:04:37
320,La Asuncion,VE,11.0333,-63.8628,76.5,85,21,15.03,few clouds,2022-03-26 02:00:18
321,Dryden,CA,49.7833,-92.7503,16.09,73,100,9.22,overcast clouds,2022-03-26 02:04:38
322,Adrar,MR,20.5022,-10.0711,64.96,29,1,9.66,clear sky,2022-03-26 02:04:38
323,Nabire,ID,-3.3667,135.4833,85.86,63,100,3.76,overcast clouds,2022-03-26 01:58:24
324,Pangai,TO,-19.8,-174.35,80.8,75,56,12.59,broken clouds,2022-03-26 02:04:39
325,Bethel,US,41.3712,-73.414,50.49,65,62,9.19,broken clouds,2022-03-26 01:55:51
326,Xiamen,CN,24.4798,118.0819,69.26,97,98,6.35,overcast clouds,2022-03-26 02:04:39
327,Rocky Mountain House,CA,52.3668,-114.9188,33.48,75,98,10.25,overcast clouds,2022-03-26 02:00:05
328,Old Bridge,US,40.4148,-74.3654,53.28,59,12,3.0,few clouds,2022-03-26 02:03:06
329,Elat,IL,29.5581,34.9482,51.87,73,6,5.08,clear sky,2022-03-26 02:04:40
330,Komsomolskiy,UZ,40.4272,71.7189,43.52,87,61,6.91,mist,2022-03-26 01:58:51
331,Aklavik,CA,68.2191,-135.0107,1.47,89,81,12.28,broken clouds,2022-03-26 01:57:46
332,Zhongshu,CN,24.5167,103.7667,67.95,40,5,12.91,clear sky,2022-03-26 02:04:40
333,Vodnyy,RU,63.5046,53.4095,18.05,88,100,7.78,overcast clouds,2022-03-26 02:04:41
334,San Quintin,MX,30.4833,-115.95,61.75,82,61,9.4,broken clouds,2022-03-26 01:57:59
335,Edgewater,US,28.9889,-80.9023,66.09,68,20,5.75,few clouds,2022-03-26 02:04:41
336,Kilakarai,IN,9.2333,78.7833,82.81,70,7,8.75,clear sky,2022-03-26 02:04:42
337,Narasannapeta,IN,18.4167,84.05,80.6,76,34,8.43,scattered clouds,2022-03-26 02:04:42
338,La Ronge,CA,55.1001,-105.2842,12.45,37,0,9.22,clear sky,2022-03-26 01:59:39
339,Arkadak,RU,51.9326,43.4978,29.28,96,100,6.69,overcast clouds,2022-03-26 02:04:43
340,Qaqortoq,GL,60.7167,-46.0333,18.7,87,6,6.17,clear sky,2022-03-26 02:04:43
341,Likasi,CD,-10.9814,26.7333,61.54,95,82,1.9,broken clouds,2022-03-26 02:00:25
342,Korla,CN,41.7597,86.1469,43.63,57,1,6.04,clear sky,2022-03-26 01:59:49
343,Haapiti,PF,-17.5667,-149.8667,87.53,69,42,11.39,scattered clouds,2022-03-26 02:04:43
344,Cabo San Lucas,MX,22.8909,-109.9124,75.51,61,94,4.0,overcast clouds,2022-03-26 01:57:38
345,Port Lincoln,AU,-34.7333,135.8667,68.7,61,0,11.07,clear sky,2022-03-26 01:57:17
346,Bose,IT,45.4612,8.0137,50.2,37,0,3.94,clear sky,2022-03-26 02:04:44
347,Podosinovets,RU,60.2776,47.0659,23.45,91,99,11.79,overcast clouds,2022-03-26 02:04:44
348,Xuddur,SO,4.1213,43.8894,75.24,79,26,6.33,scattered clouds,2022-03-26 02:04:45
349,Crossville,US,35.949,-85.0269,46.18,76,0,6.91,clear sky,2022-03-26 02:04:45
350,Plavsk,RU,53.7094,37.2919,33.01,91,94,13.56,overcast clouds,2022-03-26 01:57:51
351,Ishinomaki,JP,38.4167,141.3,48.2,93,100,23.35,overcast clouds,2022-03-26 02:04:46
352,Berlevag,NO,70.8578,29.0864,21.0,65,100,18.68,light snow,2022-03-26 01:57:26
353,Teya,RU,60.3778,92.6267,22.71,89,100,11.1,light snow,2022-03-26 02:04:46
354,Puerto Escondido,MX,15.85,-97.0667,81.43,69,40,3.44,scattered clouds,2022-03-26 02:04:46
355,Ouahigouya,BF,13.5828,-2.4216,82.09,56,95,16.82,overcast clouds,2022-03-26 02:04:47
356,Badvel,IN,14.75,79.05,79.32,77,40,1.34,scattered clouds,2022-03-26 02:04:47
357,Anahuac,MX,27.2333,-100.15,75.65,12,51,12.28,broken clouds,2022-03-26 02:04:47
358,Cap Malheureux,MU,-19.9842,57.6142,77.47,87,7,3.0,clear sky,2022-03-26 02:04:48
359,Cam Ranh,VN,11.9214,109.1591,87.76,62,20,4.61,few clouds,2022-03-26 01:56:42
360,Ilulissat,GL,69.2167,-51.1,15.82,86,75,4.61,light shower snow,2022-03-26 02:04:48
361,Bereda,ES,43.2686,-7.5406,49.57,100,99,0.31,overcast clouds,2022-03-26 01:58:05
362,Broken Hill,AU,-31.95,141.4333,77.11,37,0,11.41,clear sky,2022-03-26 02:04:49
363,Vila Velha,BR,-20.3297,-40.2925,78.75,87,20,6.91,few clouds,2022-03-26 01:58:27
364,Jarocin,PL,51.9727,17.5026,42.4,78,9,8.63,clear sky,2022-03-26 02:04:49
365,Xinyu,CN,27.8043,114.9334,55.4,95,100,5.79,light rain,2022-03-26 02:04:50
366,Sterling,US,39.0062,-77.4286,54.23,56,100,9.22,overcast clouds,2022-03-26 02:00:56
367,Karatau,KZ,43.1667,70.4667,48.81,62,100,5.77,overcast clouds,2022-03-26 02:04:50
368,Hohhot,CN,40.8106,111.6522,40.96,28,0,14.83,clear sky,2022-03-26 02:04:51
369,Davila,PH,18.4726,120.5763,85.98,71,4,9.13,clear sky,2022-03-26 01:56:48
370,Makakilo City,US,21.3469,-158.0858,77.61,63,46,18.3,scattered clouds,2022-03-26 01:56:31
371,Codrington,AU,-38.2667,141.9667,69.57,53,6,7.61,clear sky,2022-03-26 01:57:24
372,Crystal Beach,CA,42.8699,-79.0583,39.94,89,100,3.0,overcast clouds,2022-03-26 02:04:51
373,Necochea,AR,-38.5473,-58.7368,62.33,93,100,21.36,overcast clouds,2022-03-26 02:04:52
374,Sitka,US,57.0531,-135.33,40.59,80,96,3.04,overcast clouds,2022-03-26 01:57:00
375,Rodrigues Alves,BR,-7.738,-72.6509,72.05,97,99,2.06,moderate rain,2022-03-26 02:04:52
376,Robertsonpet,IN,12.9667,78.2833,73.06,77,7,4.61,clear sky,2022-03-26 02:04:52
377,Puerto Ayacucho,VE,5.6639,-67.6236,78.87,83,100,4.61,moderate rain,2022-03-26 02:00:03
378,Broome,US,42.2506,-75.833,43.7,78,100,9.22,mist,2022-03-26 01:58:22
379,Acapulco,MX,16.8634,-99.8901,77.09,61,100,5.64,overcast clouds,2022-03-26 01:59:13
380,Orsha,BY,54.5153,30.4053,39.13,82,100,15.7,overcast clouds,2022-03-26 02:04:53
381,Manaus,BR,-3.1019,-60.025,81.09,94,20,2.3,few clouds,2022-03-26 02:00:15
382,Ancud,CL,-41.8697,-73.8203,55.22,91,100,1.86,overcast clouds,2022-03-26 01:56:24
383,Tokur,RU,53.1333,132.9,23.86,78,100,3.4,overcast clouds,2022-03-26 02:04:54
384,Ahuimanu,US,21.4447,-157.8378,82.11,75,40,12.66,scattered clouds,2022-03-26 02:04:54
385,Wang Saphung,TH,17.301,101.7685,82.74,57,7,2.13,clear sky,2022-03-26 02:04:54
386,Hofn,IS,64.2539,-15.2082,37.81,84,100,10.8,overcast clouds,2022-03-26 01:57:51
387,Turukhansk,RU,65.8167,87.9833,21.65,89,100,23.09,light snow,2022-03-26 02:04:55
388,Ravar,IR,31.2656,56.8055,68.16,21,0,17.96,clear sky,2022-03-26 02:04:55
389,Verkhniye Kigi,RU,55.4083,58.6044,9.84,88,53,6.64,broken clouds,2022-03-26 02:04:56
390,Meulaboh,ID,4.1363,96.1285,80.8,80,37,2.77,scattered clouds,2022-03-26 01:56:48
391,Doha,QA,25.2867,51.5333,69.78,52,0,16.11,clear sky,2022-03-26 02:02:53
392,Ambovombe,MG,-25.1667,46.0833,72.61,92,52,2.82,broken clouds,2022-03-26 02:04:56
393,Mago,RU,53.2514,140.1822,27.41,86,95,1.79,overcast clouds,2022-03-26 02:04:56
394,Kenai,US,60.5544,-151.2583,43.03,54,0,16.11,clear sky,2022-03-26 02:04:57
395,Lakes Entrance,AU,-37.8811,147.981,70.16,65,3,8.5,clear sky,2022-03-26 02:04:57
396,Santa Comba,ES,43.0331,-8.8093,51.78,91,91,1.34,overcast clouds,2022-03-26 02:04:57
397,Celestun,MX,20.8667,-90.4,70.75,56,98,13.35,overcast clouds,2022-03-26 01:59:23
398,Boyolangu,ID,-8.1181,111.8935,84.42,70,21,1.28,few clouds,2022-03-26 02:04:58
399,Mazyr,BY,52.0495,29.2456,39.99,79,22,11.1,few clouds,2022-03-26 02:04:58
400,Leirvik,NO,59.7798,5.5005,40.62,80,87,15.55,overcast clouds,2022-03-26 02:04:59
401,Miquelon,PM,47.0975,-56.3814,30.81,91,100,32.79,snow,2022-03-26 02:04:59
402,Leningradskiy,RU,69.3833,178.4167,2.93,87,83,7.49,broken clouds,2022-03-26 01:58:06
403,Xining,CN,36.6167,101.7667,33.67,59,97,1.83,overcast clouds,2022-03-26 01:57:36
404,Saint-Michel-Des-Saints,CA,46.6834,-73.9159,33.94,100,100,1.88,snow,2022-03-26 02:05:00
405,Peniche,PT,39.3558,-9.3811,57.11,82,65,13.56,broken clouds,2022-03-26 02:05:00
406,Corning,US,42.1428,-77.0547,41.49,94,100,8.03,light rain,2022-03-26 02:00:01
407,Barentu,ER,15.1139,37.5928,63.01,61,1,4.34,clear sky,2022-03-26 02:05:02
408,Bengkulu,ID,-3.8004,102.2655,82.92,66,20,4.99,few clouds,2022-03-26 01:57:32
409,Tura,IN,25.5198,90.2201,74.3,82,88,7.14,overcast clouds,2022-03-26 02:00:14
410,Mahibadhoo,MV,3.7833,72.9667,81.63,67,0,5.19,clear sky,2022-03-26 02:05:03
411,Atbasar,KZ,51.8,68.3333,27.01,95,100,6.69,overcast clouds,2022-03-26 02:00:12
412,Tongling,CN,30.95,117.7833,53.74,79,100,9.53,overcast clouds,2022-03-26 02:05:04
413,Varginha,BR,-21.5514,-45.4303,66.16,89,90,2.37,overcast clouds,2022-03-26 02:05:04
414,Saginaw,US,43.3334,-84.0333,41.04,83,100,13.8,light rain,2022-03-26 02:01:38
415,Christchurch,NZ,-43.5333,172.6333,71.42,53,3,6.91,clear sky,2022-03-26 02:03:42
416,Valdivia,CL,-39.8142,-73.2459,59.09,80,0,2.95,clear sky,2022-03-26 01:57:44
417,Arkhangelskaya,RU,45.6796,40.2754,34.59,94,100,4.79,overcast clouds,2022-03-26 02:05:05
418,Sola,VU,-13.8833,167.55,82.78,71,98,6.58,overcast clouds,2022-03-26 02:05:05
419,Mecca,SA,21.4267,39.8261,60.17,54,0,10.76,clear sky,2022-03-26 01:57:14
420,Tilichiki,RU,60.4667,166.1,19.6,77,100,13.06,overcast clouds,2022-03-26 01:58:18
421,Ust-Kut,RU,56.7938,105.7672,21.96,90,100,2.82,overcast clouds,2022-03-26 02:05:06
422,Tahta,EG,26.7693,31.5021,51.35,50,0,7.78,clear sky,2022-03-26 02:05:07
423,Vila,PT,42.0304,-8.1588,52.68,77,52,5.41,broken clouds,2022-03-26 01:57:49
424,Sakakah,SA,29.9697,40.2064,45.82,58,0,6.42,clear sky,2022-03-26 02:05:07
425,San Isidro,PE,-12.1167,-77.05,69.51,58,0,5.75,clear sky,2022-03-26 02:05:08
426,Mizdah,LY,31.4451,12.9801,51.22,40,5,10.2,clear sky,2022-03-26 02:05:08
427,Auki,SB,-8.7676,160.7034,82.9,79,92,4.43,overcast clouds,2022-03-26 02:05:09
428,Mackay,AU,-21.15,149.2,85.68,68,100,12.77,overcast clouds,2022-03-26 02:00:41
429,Medicine Hat,CA,50.0501,-110.6683,43.21,36,90,4.0,overcast clouds,2022-03-26 02:05:09
430,Todos Santos,MX,23.45,-110.2167,76.3,72,63,2.08,broken clouds,2022-03-26 02:05:10
431,Shenjiamen,CN,29.9576,122.298,53.89,88,100,21.45,overcast clouds,2022-03-26 02:05:10
432,Qasigiannguit,GL,68.8193,-51.1922,8.53,93,100,4.47,overcast clouds,2022-03-26 01:58:27
433,Asau,RO,46.4333,26.4,22.12,77,3,5.12,clear sky,2022-03-26 01:57:25
434,Menongue,AO,-14.6585,17.691,61.2,92,24,1.52,few clouds,2022-03-26 02:05:11
435,Coffs Harbour,AU,-30.3,153.1333,66.16,94,75,11.5,moderate rain,2022-03-26 02:05:11
436,Olavarria,AR,-36.8927,-60.3225,62.02,94,100,14.97,overcast clouds,2022-03-26 02:05:12
437,Sorong,ID,-0.8833,131.25,82.99,69,87,4.07,overcast clouds,2022-03-26 01:57:18
438,Surt,LY,31.2089,16.5887,54.57,61,0,16.22,clear sky,2022-03-26 01:59:23
439,Cloquet,US,46.7216,-92.4594,25.86,63,100,21.85,haze,2022-03-26 02:05:12
440,Coihaique,CL,-45.5752,-72.0662,52.41,82,0,4.61,clear sky,2022-03-26 01:59:34
441,Buchanan,LR,5.8808,-10.0467,78.12,87,100,3.15,moderate rain,2022-03-26 02:04:23
442,Port-Gentil,GA,-0.7193,8.7815,81.63,79,100,8.5,overcast clouds,2022-03-26 01:56:45
443,Pundaguitan,PH,6.3711,126.1689,79.86,79,100,12.82,overcast clouds,2022-03-26 02:05:13
444,Paamiut,GL,61.994,-49.6678,15.21,77,63,6.38,broken clouds,2022-03-26 01:58:55
445,Noumea,NC,-22.2763,166.4572,87.78,68,94,13.85,overcast clouds,2022-03-26 01:54:11
446,Ateli,IN,28.1,76.2833,74.32,16,0,4.43,clear sky,2022-03-26 02:05:14
447,Sao Joao Da Barra,BR,-21.6403,-41.0511,78.24,89,87,17.25,overcast clouds,2022-03-26 01:57:22
448,Alamos,MX,27.0167,-108.9333,73.58,20,11,4.0,few clouds,2022-03-26 02:05:14
449,Strelka,RU,58.0728,93.0344,24.6,90,100,11.12,overcast clouds,2022-03-26 02:05:15
450,Palauig,PH,15.435,119.9045,86.23,57,47,4.07,scattered clouds,2022-03-26 02:05:15
451,Zaozerne,UA,45.1582,33.2787,37.94,71,91,10.22,overcast clouds,2022-03-26 02:05:16
452,Marinette,US,45.1,-87.6307,34.25,100,100,6.91,snow,2022-03-26 02:02:43
453,Porto Walter,BR,-8.2686,-72.7439,72.55,96,99,1.83,light rain,2022-03-26 02:05:16
454,Luderitz,NA,-26.6481,15.1594,60.89,78,0,11.3,clear sky,2022-03-26 01:56:52
455,Parsons,US,37.3403,-95.2611,41.99,48,29,7.72,scattered clouds,2022-03-26 02:02:11
456,Ati,TD,13.2154,18.3353,72.86,14,36,13.02,scattered clouds,2022-03-26 02:05:17
457,Baghdad,IQ,33.3406,44.4009,48.11,71,0,6.91,clear sky,2022-03-26 02:00:41
458,Tomatlan,MX,19.9333,-105.25,64.02,77,5,1.52,clear sky,2022-03-26 02:05:18
459,Phalodi,IN,27.1333,72.3667,79.79,12,0,4.07,clear sky,2022-03-26 02:05:18
460,Houma,US,29.5958,-90.7195,64.4,43,0,5.75,clear sky,2022-03-26 02:03:26
461,Nichinan,JP,31.6,131.3667,65.88,97,100,23.24,light rain,2022-03-26 02:05:19
462,Yellandu,IN,17.6,80.3333,79.14,70,100,4.97,overcast clouds,2022-03-26 02:05:19
463,Kouango,CF,4.9934,19.9619,76.24,71,100,3.27,overcast clouds,2022-03-26 02:05:19
464,Marzuq,YE,14.4,46.4667,67.41,50,0,4.85,clear sky,2022-03-26 02:05:20
465,Somerville,US,42.3876,-71.0995,54.28,64,100,11.5,overcast clouds,2022-03-26 02:02:18
466,Utete,TZ,-7.986,38.758,73.76,96,100,2.55,overcast clouds,2022-03-26 02:05:20
467,Zharkent,KZ,44.1628,80.0,42.1,37,45,2.53,scattered clouds,2022-03-26 02:05:21
468,Maracacume,BR,-2.0428,-45.9592,73.94,98,100,2.89,light rain,2022-03-26 02:05:21
469,Pontianak,ID,-0.0333,109.3333,80.58,83,20,3.44,few clouds,2022-03-26 01:57:55
470,Quesnel,CA,52.9999,-122.5029,38.89,81,100,2.3,overcast clouds,2022-03-26 02:03:31
471,Aktash,RU,50.3,87.7333,6.55,75,12,5.84,few clouds,2022-03-26 02:05:22
472,Havelock,US,34.8791,-76.9013,63.95,78,49,5.99,scattered clouds,2022-03-26 01:58:26
473,Shache,CN,38.4167,77.2406,51.71,48,3,3.71,clear sky,2022-03-26 01:58:02
474,Fairbanks,US,64.8378,-147.7164,43.14,42,0,8.05,clear sky,2022-03-26 01:56:11
475,Bathsheba,BB,13.2167,-59.5167,79.41,73,40,19.57,scattered clouds,2022-03-26 01:57:09
476,Neuquen,AR,-38.9516,-68.0591,55.29,88,0,0.0,clear sky,2022-03-26 01:54:06
477,Maningrida,AU,-12.0667,134.2667,87.39,59,100,10.45,overcast clouds,2022-03-26 02:05:22
478,Ketchikan,US,55.3422,-131.6461,39.02,98,100,2.08,overcast clouds,2022-03-26 01:56:56
479,Mayor Pablo Lagerenza,PY,-19.9309,-60.7718,64.08,45,100,3.44,overcast clouds,2022-03-26 02:05:23
480,San Joaquin,US,37.9333,-121.3011,79.05,31,0,9.22,clear sky,2022-03-26 02:05:23
481,Nevers,FR,46.9167,3.3333,42.48,79,1,2.93,clear sky,2022-03-26 02:05:24
482,Ararat,AM,39.8317,44.7049,34.14,62,58,6.22,broken clouds,2022-03-26 02:00:26
483,Los Llanos De Aridane,ES,28.6585,-17.9182,57.13,83,20,6.91,few clouds,2022-03-26 01:56:36
484,Batsfjord,NO,70.6345,29.7185,20.98,86,40,19.57,scattered clouds,2022-03-26 02:05:24
485,Nalut,LY,30.3333,10.85,59.4,25,1,25.59,clear sky,2022-03-26 02:05:25
486,Chinchani,IN,19.8667,72.7,77.99,69,75,2.95,broken clouds,2022-03-26 02:05:25
487,Hat Yai,TH,7.0084,100.4767,84.38,79,20,0.0,few clouds,2022-03-26 02:05:25
488,Ust-Tsilma,RU,65.441,52.1498,11.75,98,100,3.09,overcast clouds,2022-03-26 02:05:26
489,Novoagansk,RU,61.9449,76.6625,8.87,84,100,27.16,overcast clouds,2022-03-26 02:05:26
490,Tessalit,ML,20.1986,1.0114,84.45,13,98,12.53,overcast clouds,2022-03-26 01:59:06
491,Salvacion,PH,7.9833,126.1333,78.82,80,100,1.66,overcast clouds,2022-03-26 02:05:27
492,Paranaiba,BR,-19.6772,-51.1908,73.72,84,90,4.47,overcast clouds,2022-03-26 02:05:27
493,At-Bashi,KG,41.1702,75.8106,27.36,65,18,2.57,few clouds,2022-03-26 02:05:28
494,Ambilobe,MG,-13.2,49.05,74.17,95,50,2.39,scattered clouds,2022-03-26 01:58:57
495,Zyryanka,RU,65.75,150.85,12.24,81,100,16.26,overcast clouds,2022-03-26 02:05:28
496,Rio Gallegos,AR,-51.6226,-69.2181,62.65,34,75,23.02,broken clouds,2022-03-26 02:05:29
497,Rio Claro,BR,-22.4114,-47.5614,68.9,94,95,0.54,light rain,2022-03-26 02:05:29
498,Nelson Bay,AU,-32.7167,152.15,69.85,92,100,1.99,light rain,2022-03-26 01:57:35
499,Monte Patria,CL,-30.6919,-70.9467,68.83,56,0,1.99,clear sky,2022-03-26 02:05:29
500,Zamania,IN,25.4333,83.5667,80.19,13,1,7.31,clear sky,2022-03-26 02:05:30
501,Puerto Cabezas,NI,14.0351,-83.3888,76.3,77,88,10.02,overcast clouds,2022-03-26 02:05:30
502,Naze,JP,28.3667,129.4833,68.92,94,100,27.09,light rain,2022-03-26 01:59:00
503,Jalu,LY,29.0331,21.5482,53.82,34,0,2.82,clear sky,2022-03-26 01:57:57
504,Corinto,GR,37.9407,22.9573,54.41,75,0,4.23,clear sky,2022-03-26 01:59:06
505,Abu Dhabi,AE,24.4667,54.3667,73.96,84,0,12.66,clear sky,2022-03-26 02:05:31
506,Tazovskiy,RU,67.4667,78.7,18.64,95,100,11.3,light snow,2022-03-26 01:57:41
507,Dawson Creek,CA,55.7666,-120.2362,28.99,89,100,7.14,overcast clouds,2022-03-26 02:00:50
508,Viedma,AR,-40.8135,-62.9967,56.44,82,29,7.76,scattered clouds,2022-03-26 02:05:31
509,Podujevo,XK,42.9106,21.1931,40.39,65,0,2.8,clear sky,2022-03-26 02:05:32
510,College,US,64.8569,-147.8028,43.12,97,100,3.22,overcast clouds,2022-03-26 01:58:16
511,Hervey Bay,AU,-25.2986,152.8535,78.35,59,100,10.11,overcast clouds,2022-03-26 02:05:32
512,Huarmey,PE,-10.0681,-78.1522,71.47,80,88,7.63,overcast clouds,2022-03-26 01:56:54
513,Sidi Ali,DZ,36.0998,0.4206,53.06,73,100,7.31,overcast clouds,2022-03-26 02:05:33
514,Santa Maria,BR,-29.6842,-53.8069,59.79,75,34,6.73,scattered clouds,2022-03-26 02:05:33
515,Coahuayana,MX,18.7333,-103.6833,68.74,72,54,1.1,broken clouds,2022-03-26 01:58:21
516,Saint-Augustin,CA,51.226,-58.6502,26.62,82,100,22.84,overcast clouds,2022-03-26 02:05:34
517,Kodarma,IN,24.4667,85.6,85.24,12,14,3.8,few clouds,2022-03-26 02:05:34
518,Severomuysk,RU,56.1481,113.4267,11.95,85,100,5.26,overcast clouds,2022-03-26 02:05:34
519,Aquiles Serdan,MX,17.7833,-92.2833,67.01,68,100,4.36,overcast clouds,2022-03-26 02:05:35
520,Lakatoro,VU,-16.0999,167.4164,83.8,75,78,1.5,broken clouds,2022-03-26 02:05:35
521,Safonovo,RU,55.15,33.2167,36.95,88,100,11.36,overcast clouds,2022-03-26 02:05:35
522,Harper,LR,4.375,-7.7169,79.07,86,100,4.72,overcast clouds,2022-03-26 02:05:36
523,Hays,US,30.0502,-98.0336,69.35,32,0,7.99,clear sky,2022-03-26 02:05:36
524,Namatanai,PG,-3.6667,152.4333,84.09,69,100,7.09,light rain,2022-03-26 01:57:41
525,Kruisfontein,ZA,-34.0033,24.7314,56.88,79,100,2.75,overcast clouds,2022-03-26 01:56:53
526,Balkhash,KZ,46.844,74.9804,32.61,69,0,11.18,clear sky,2022-03-26 01:59:29
527,Svetlaya,RU,46.5389,138.3297,33.87,98,100,8.32,light snow,2022-03-26 02:05:37
528,Siloam Springs,US,36.1881,-94.5405,52.63,66,40,9.22,scattered clouds,2022-03-26 02:05:37
529,Domoni,KM,-12.2569,44.5319,80.33,85,33,5.26,scattered clouds,2022-03-26 02:05:37
530,San Luis,AR,-33.295,-66.3356,53.73,41,0,7.34,clear sky,2022-03-26 02:01:34
531,Altay,CN,47.8667,88.1167,23.9,57,7,4.85,clear sky,2022-03-26 01:57:33
532,Ampanihy,MG,-24.7,44.75,69.91,97,9,3.74,clear sky,2022-03-26 02:05:38
533,Kharp,RU,66.8014,65.8081,-0.54,99,100,1.34,overcast clouds,2022-03-26 01:58:07
534,Muisne,EC,0.6,-80.0333,77.49,88,98,6.51,light rain,2022-03-26 01:58:48
535,Gamba,GA,-2.65,10.0,78.08,92,100,5.86,light rain,2022-03-26 02:05:38
536,Acarau,BR,-2.8856,-40.12,76.87,89,100,7.81,overcast clouds,2022-03-26 02:05:39
537,Schwedt,DE,53.0596,14.2815,47.52,85,10,8.61,clear sky,2022-03-26 02:05:39
538,Chimbarongo,CL,-34.7,-71.05,61.68,35,0,1.21,clear sky,2022-03-26 02:05:40
539,Ponta Delgada,PT,37.7333,-25.6667,59.72,94,75,26.46,broken clouds,2022-03-26 02:05:40
540,Krasnoslobodsk,RU,48.7072,44.5714,30.02,93,0,4.47,clear sky,2022-03-26 02:05:40
541,Chapais,CA,49.7834,-74.8492,31.78,98,100,7.18,light snow,2022-03-26 02:05:41
542,Pingzhuang,CN,42.0372,119.2889,45.97,18,0,12.62,clear sky,2022-03-26 02:05:41
543,Havre-Saint-Pierre,CA,50.2334,-63.5986,28.76,93,100,21.85,overcast clouds,2022-03-26 01:58:53
544,Langarud,IR,37.197,50.1535,47.89,87,94,4.83,overcast clouds,2022-03-26 02:05:42
545,Kismayo,SO,-0.3582,42.5454,80.78,83,4,7.34,clear sky,2022-03-26 01:59:02
546,Carutapera,BR,-1.195,-46.02,75.87,94,100,4.85,overcast clouds,2022-03-26 02:05:42
547,Arona,ES,28.0996,-16.681,57.72,67,75,5.75,broken clouds,2022-03-26 02:05:42
548,Nchelenge,ZM,-9.3451,28.734,68.22,91,27,5.1,scattered clouds,2022-03-26 02:05:43
549,Rundu,NA,-17.9333,19.7667,64.22,91,8,3.96,light rain,2022-03-26 02:05:43
550,Pangnirtung,CA,66.1451,-65.7125,13.35,93,100,5.35,overcast clouds,2022-03-26 01:58:28
551,Jibuti,DJ,11.5,42.5,73.76,70,8,2.13,clear sky,2022-03-26 02:05:43
552,Inhambane,MZ,-23.865,35.3833,75.97,90,100,3.78,moderate rain,2022-03-26 02:05:44
553,Santa Cruz Del Norte,CU,23.1539,-81.9236,72.0,64,48,13.8,scattered clouds,2022-03-26 02:05:44
554,Shitanjing,CN,39.2342,106.3439,39.49,34,1,25.93,clear sky,2022-03-26 02:05:45
555,Zeya,RU,53.75,127.2667,33.28,67,100,3.74,overcast clouds,2022-03-26 02:05:45
556,Sibolga,ID,1.7427,98.7792,82.99,64,16,0.36,few clouds,2022-03-26 02:05:45
557,Cockburn Town,TC,21.4612,-71.1419,78.13,72,78,19.13,broken clouds,2022-03-26 01:57:06
558,Regidor,CO,8.6657,-73.8215,81.9,69,37,1.72,scattered clouds,2022-03-26 02:05:46
559,Mandera,KE,3.9366,41.867,80.31,68,99,5.77,light rain,2022-03-26 01:59:32
560,Mehran,IR,33.1222,46.1646,53.02,48,1,7.2,clear sky,2022-03-26 01:57:27
561,Ballina,AU,-28.8667,153.5667,75.16,86,100,13.8,overcast clouds,2022-03-26 01:58:42
562,Mahdasht,IR,35.7299,50.8111,48.42,40,79,12.88,broken clouds,2022-03-26 02:05:47
563,Kiryas Joel,US,41.342,-74.1679,49.84,67,75,12.66,broken clouds,2022-03-26 02:05:47
564,Marawi,PH,7.9986,124.2928,80.2,62,70,3.09,broken clouds,2022-03-26 01:59:38
565,Sur,OM,22.5667,59.5289,81.03,33,2,8.48,clear sky,2022-03-26 01:53:42
566,Glendive,US,47.1053,-104.7125,40.62,38,0,13.8,clear sky,2022-03-26 02:02:15
567,Ovalle,CL,-30.5983,-71.2003,66.74,67,0,3.27,clear sky,2022-03-26 02:05:48
568,Lethem,GY,3.3803,-59.7968,79.3,74,25,11.3,scattered clouds,2022-03-26 02:05:48
569,Tammisaari,FI,59.9736,23.4339,39.11,63,9,24.58,light rain,2022-03-26 02:05:48
570,Eyl,SO,7.9803,49.8164,74.62,74,95,9.28,overcast clouds,2022-03-26 02:05:49
571,Sojitra,IN,22.55,72.7167,80.55,29,54,5.48,broken clouds,2022-03-26 02:05:49
572,Tabou,CI,4.423,-7.3528,77.76,90,97,4.27,light rain,2022-03-26 02:05:49
573,Yarkovo,RU,57.4028,67.0786,5.4,96,10,4.5,clear sky,2022-03-26 02:05:50
574,Baykit,RU,61.67,96.37,16.2,94,100,4.38,overcast clouds,2022-03-26 02:05:50
575,Visnes,NO,59.3556,5.2242,41.05,87,99,16.11,overcast clouds,2022-03-26 02:05:51
576,Togur,RU,58.3631,82.8265,18.91,85,100,17.58,overcast clouds,2022-03-26 01:59:25
577,Nazilli,TR,37.9163,28.3223,45.95,68,23,1.48,few clouds,2022-03-26 02:05:51
578,Bonavista,CA,48.6499,-53.1147,29.5,90,100,9.78,overcast clouds,2022-03-26 01:58:38
579,Warman,CA,52.3168,-106.5679,4.26,92,15,0.51,few clouds,2022-03-26 02:02:21
580,Hami,CN,42.8,93.45,40.91,31,100,11.88,overcast clouds,2022-03-26 01:57:48
581,Praia Da Vitoria,PT,38.7333,-27.0667,58.75,94,20,32.01,few clouds,2022-03-26 01:56:52
582,Kaspiyskiy,RU,45.3929,47.3707,36.34,99,100,7.63,overcast clouds,2022-03-26 02:05:52
583,Minot,US,48.2325,-101.2963,26.82,54,0,9.22,clear sky,2022-03-26 02:05:52
584,Abdanan,IR,32.9926,47.4198,45.28,48,11,4.74,few clouds,2022-03-26 02:05:53
585,Milagro,ES,42.2386,-1.764,48.87,65,99,4.97,overcast clouds,2022-03-26 02:05:53
586,Balgazyn,RU,51.0,95.2,16.5,70,92,2.26,overcast clouds,2022-03-26 02:05:53
587,Kapit,MY,2.0167,112.9333,85.01,71,99,1.32,overcast clouds,2022-03-26 02:05:54
588,Talavera De La Reina,ES,39.9635,-4.8308,49.68,88,100,10.65,overcast clouds,2022-03-26 02:05:54
589,Awjilah,LY,29.1081,21.2869,53.58,35,0,2.08,clear sky,2022-03-26 02:05:54
590,Consett,GB,54.854,-1.8316,43.97,88,4,3.49,clear sky,2022-03-26 02:05:55
591,Nemuro,JP,43.3236,145.575,36.21,90,100,14.45,overcast clouds,2022-03-26 02:05:55
592,Lucapa,AO,-8.4192,20.7447,66.09,97,100,2.21,light rain,2022-03-26 02:05:56
593,Vidim,RU,56.4088,103.1106,20.3,91,99,5.17,overcast clouds,2022-03-26 02:05:56
594,Skowhegan,US,44.7651,-69.7192,43.36,90,97,3.4,overcast clouds,2022-03-26 02:05:56
595,San Carlos De Bariloche,AR,-41.1456,-71.3082,51.55,50,0,9.22,clear sky,2022-03-26 01:59:52
596,Lagos,NG,6.5833,3.75,82.72,88,67,3.56,broken clouds,2022-03-26 01:54:04
597,Ahipara,NZ,-35.1667,173.1667,70.97,66,92,11.88,overcast clouds,2022-03-26 01:56:58
598,Dire,ML,12.2833,-10.9667,86.59,15,96,2.86,overcast clouds,2022-03-26 02:05:57
599,Belaya Gora,RU,68.5333,146.4167,7.12,86,100,12.95,overcast clouds,2022-03-26 01:58:16
600,Comodoro Rivadavia,AR,-45.8667,-67.5,49.86,76,0,5.75,clear sky,2022-03-26 01:58:56
601,Kabanjahe,ID,3.1001,98.4908,72.32,76,6,0.16,clear sky,2022-03-26 02:02:04
602,Sal Rei,CV,16.1833,-22.9167,67.59,76,65,10.54,broken clouds,2022-03-26 02:05:21
603,Tingi,TZ,-11.3,35.0333,63.66,94,93,3.31,overcast clouds,2022-03-26 02:05:58
604,Lewistown,US,40.5992,-77.5714,46.26,100,100,5.75,overcast clouds,2022-03-26 02:05:58
605,Weihai,CN,37.5017,122.1136,44.11,68,4,23.26,clear sky,2022-03-26 02:05:59
606,Arman,RU,59.7,150.1667,23.02,62,3,2.53,clear sky,2022-03-26 01:57:16
607,Kushmurun,KZ,52.4503,64.6311,21.18,90,86,12.48,overcast clouds,2022-03-26 02:05:59
608,Homestead,US,25.4687,-80.4776,72.0,76,20,1.99,few clouds,2022-03-26 02:06:00
609,Safaga,EG,26.7292,33.9365,58.93,56,0,20.92,clear sky,2022-03-26 02:06:00
610,Kyren,RU,51.6828,102.1408,20.25,64,5,1.68,clear sky,2022-03-26 02:06:04
611,Ust-Maya,RU,60.4167,134.5333,22.17,86,100,3.02,overcast clouds,2022-03-26 02:06:05
612,Margate,GB,51.3813,1.3862,47.7,81,0,1.99,clear sky,2022-03-26 01:52:58
613,Taganak,PH,6.0833,118.3,81.68,75,100,1.81,overcast clouds,2022-03-26 02:06:05
614,Mount Isa,AU,-20.7333,139.5,92.97,29,0,8.05,clear sky,2022-03-26 01:53:44
615,Nara,JP,34.6851,135.8049,59.5,71,100,3.58,light rain,2022-03-26 02:06:06
616,Tutoia,BR,-2.7619,-42.2744,77.79,88,99,7.7,moderate rain,2022-03-26 02:06:06
617,Burnie,AU,-41.0667,145.9167,65.41,71,6,6.69,clear sky,2022-03-26 02:06:06
618,Yagodnoye,RU,62.55,149.6667,6.57,83,67,2.95,broken clouds,2022-03-26 01:57:34
619,Kautokeino,NO,69.0125,23.0412,16.2,86,100,16.4,overcast clouds,2022-03-26 02:06:07
620,Aksay,RU,47.26,39.87,39.25,65,97,4.0,overcast clouds,2022-03-26 02:06:07
621,Oriximina,BR,-1.7656,-55.8661,77.25,84,91,2.73,overcast clouds,2022-03-26 02:06:08
622,Pilar,BR,-9.5972,-35.9567,75.13,92,28,2.39,scattered clouds,2022-03-26 02:01:30
623,Marystown,CA,47.1666,-55.1483,33.85,100,100,7.0,overcast clouds,2022-03-26 02:06:08
624,Baiquan,CN,47.5833,126.0833,31.82,86,60,4.5,broken clouds,2022-03-26 02:06:09
625,Benguela,AO,-12.5763,13.4055,77.22,85,91,1.86,overcast clouds,2022-03-26 02:06:09
626,Ejura,GH,7.3856,-1.3562,77.77,75,98,4.52,overcast clouds,2022-03-26 02:06:09
627,Cochabamba,BO,-17.3895,-66.1568,64.2,69,100,3.0,overcast clouds,2022-03-26 02:05:08
628,Santa Rosa,PH,14.3122,121.1114,88.11,68,27,9.93,scattered clouds,2022-03-26 02:06:10
629,San Alberto,CO,7.7611,-73.3922,79.92,78,66,4.21,broken clouds,2022-03-26 02:06:10
630,Zhigansk,RU,66.7697,123.3711,10.87,94,100,8.05,overcast clouds,2022-03-26 01:57:20
631,Santa Fe,AR,-31.6333,-60.7,65.01,77,3,3.0,light rain,2022-03-26 02:01:40
632,Lata,PT,40.1629,-8.3327,54.91,77,80,4.72,broken clouds,2022-03-26 02:00:06
633,Egvekinot,RU,66.3167,-179.1667,8.08,84,84,1.7,broken clouds,2022-03-26 01:58:26
634,Augusto Correa,BR,-1.0217,-46.635,74.28,97,100,2.86,light rain,2022-03-26 02:06:11
635,Puqi,CN,29.7167,113.8833,56.25,73,99,7.56,overcast clouds,2022-03-26 02:06:11
636,Pithiviers,FR,48.1667,2.25,46.81,78,0,7.74,clear sky,2022-03-26 02:06:12
637,Pemangkat,ID,1.1667,108.9667,83.25,71,92,2.98,overcast clouds,2022-03-26 02:06:12
638,Casper,US,42.8666,-106.3131,52.81,49,75,6.91,broken clouds,2022-03-26 02:06:12
639,Clyde River,CA,70.4692,-68.5914,-9.17,77,100,3.44,overcast clouds,2022-03-26 01:57:59
640,Winnipeg,CA,49.8844,-97.147,16.99,68,62,23.0,broken clouds,2022-03-26 02:02:56
641,Lufilufi,WS,-13.8745,-171.5986,82.18,77,98,16.67,light rain,2022-03-26 02:06:13
642,Soc Trang,VN,9.6033,105.98,88.02,57,0,5.82,clear sky,2022-03-26 02:06:13
643,Victor Harbor,AU,-35.5667,138.6167,66.0,73,0,7.96,clear sky,2022-03-26 02:06:14
644,Tacuati,PY,-23.45,-56.5833,62.55,65,79,2.48,broken clouds,2022-03-26 02:06:14
645,Novaya Ladoga,RU,60.1025,32.3019,35.78,88,99,17.0,overcast clouds,2022-03-26 02:06:14
646,Patiya,BD,22.2931,91.9762,80.56,68,79,7.81,broken clouds,2022-03-26 02:06:15
647,Westport,US,41.1415,-73.3579,52.09,61,34,1.01,scattered clouds,2022-03-26 01:57:50
648,Waddan,LY,29.1614,16.139,53.51,28,0,12.1,clear sky,2022-03-26 02:06:15
649,Siguiri,GN,11.6667,-9.5,83.62,33,20,4.18,few clouds,2022-03-26 02:06:15
650,Alta Floresta,BR,-9.8756,-56.0861,72.12,95,85,1.1,overcast clouds,2022-03-26 02:06:16
651,Ollioules,FR,43.1352,5.848,53.19,60,6,3.0,clear sky,2022-03-26 02:06:16
652,Cabrero,CL,-37.0333,-72.4,57.42,48,0,2.24,clear sky,2022-03-26 02:04:39
653,Matamoros,MX,25.5333,-103.25,75.31,6,40,5.75,scattered clouds,2022-03-26 02:06:16
654,The Valley,AI,18.217,-63.0578,77.09,73,3,19.19,clear sky,2022-03-26 01:57:21
655,Yantongshan,CN,43.2919,126.0094,45.68,51,100,6.46,overcast clouds,2022-03-26 02:06:17
656,Caravelas,BR,-17.7125,-39.2481,75.18,88,89,4.79,overcast clouds,2022-03-26 01:59:19
657,Lipin Bor,RU,60.2622,37.9763,33.73,98,100,12.62,snow,2022-03-26 02:06:18
658,Gat,IL,31.61,34.7642,51.4,100,24,3.98,few clouds,2022-03-26 01:56:55
659,Orlik,RU,52.5178,99.825,2.35,85,34,2.62,scattered clouds,2022-03-26 02:06:18
660,Paidha,UG,2.4167,30.9855,64.83,74,99,3.94,overcast clouds,2022-03-26 02:06:19
661,Kerema,PG,-7.9631,145.7785,84.72,71,98,7.47,overcast clouds,2022-03-26 02:06:19
